index,lang_id
1,ssw
2,ssw
3,ven
4,ssw
5,ssw
6,nso
7,ssw
8,sot
9,ssw
10,ssw
11,nso
12,tso
13,tso
14,sot
15,tso
16,ssw
17,nbl
18,ssw
19,afr
20,ssw
21,afr
22,ven
23,ssw
24,afr
25,nso
26,ssw
27,tso
28,afr
29,nso
30,ven
31,ssw
32,ssw
33,sot
34,nso
35,ssw
36,afr
37,nso
38,ssw
39,nso
40,eng
41,ssw
42,ssw
43,tsn
44,ssw
45,afr
46,ven
47,ssw
48,ven
49,ssw
50,xho
51,sot
52,nbl
53,sot
54,sot
55,ssw
56,ven
57,tso
58,ssw
59,ssw
60,sot
61,afr
62,ven
63,afr
64,ssw
65,ssw
66,ssw
67,tso
68,tsn
69,nso
70,ssw
71,ssw
72,ven
73,ssw
74,nso
75,afr
76,ven
77,ssw
78,tso
79,ssw
80,ssw
81,ssw
82,tsn
83,ssw
84,nso
85,afr
86,nso
87,ven
88,tso
89,nso
90,ssw
91,ssw
92,ssw
93,xho
94,nso
95,ssw
96,nso
97,afr
98,ssw
99,ven
100,ssw
101,ssw
102,ssw
103,nso
104,ssw
105,ven
106,ven
107,ssw
108,nso
109,nso
110,sot
111,ssw
112,ssw
113,ssw
114,ssw
115,ssw
116,sot
117,afr
118,nbl
119,eng
120,eng
121,sot
122,eng
123,ssw
124,ven
125,nso
126,afr
127,ssw
128,tso
129,tso
130,tso
131,tso
132,ven
133,ssw
134,sot
135,tsn
136,ssw
137,ssw
138,sot
139,ssw
140,afr
141,sot
142,tso
143,ssw
144,nso
145,ssw
146,ven
147,nso
148,nso
149,ssw
150,ven
151,nso
152,ssw
153,ssw
154,tso
155,ssw
156,tso
157,ssw
158,tsn
159,eng
160,sot
161,ssw
162,tso
163,tsn
164,ssw
165,ssw
166,sot
167,ssw
168,ssw
169,eng
170,ssw
171,ssw
172,tsn
173,ssw
174,afr
175,tso
176,nso
177,afr
178,ssw
179,tso
180,ssw
181,tso
182,nso
183,ssw
184,ssw
185,sot
186,nso
187,ssw
188,ssw
189,xho
190,ssw
191,ssw
192,ven
193,sot
194,eng
195,ssw
196,tso
197,nso
198,ssw
199,ssw
200,eng
201,nso
202,afr
203,ssw
204,tso
205,ssw
206,afr
207,ssw
208,ven
209,nso
210,ssw
211,ssw
212,ven
213,afr
214,ssw
215,ven
216,afr
217,ssw
218,tso
219,afr
220,eng
221,tso
222,ven
223,afr
224,eng
225,eng
226,nso
227,ssw
228,eng
229,ssw
230,nso
231,ssw
232,ven
233,ven
234,sot
235,ssw
236,ssw
237,sot
238,ven
239,nso
240,nso
241,afr
242,ssw
243,ssw
244,xho
245,ssw
246,xho
247,ssw
248,nso
249,ssw
250,ssw
251,ssw
252,ven
253,sot
254,afr
255,ssw
256,ssw
257,nso
258,xho
259,ssw
260,tso
261,ssw
262,ssw
263,ssw
264,sot
265,ssw
266,ssw
267,ven
268,ssw
269,ssw
270,afr
271,nso
272,afr
273,ssw
274,nso
275,ssw
276,sot
277,ven
278,ssw
279,sot
280,ssw
281,ssw
282,nso
283,ssw
284,ssw
285,eng
286,ssw
287,nso
288,tso
289,ssw
290,nso
291,nso
292,nso
293,nso
294,nso
295,tso
296,ssw
297,nbl
298,tso
299,ssw
300,sot
301,tso
302,afr
303,ssw
304,ssw
305,nbl
306,eng
307,nso
308,sot
309,ven
310,ssw
311,ssw
312,ssw
313,tso
314,ssw
315,afr
316,nso
317,afr
318,xho
319,ssw
320,ssw
321,ssw
322,ssw
323,sot
324,nso
325,ssw
326,afr
327,ssw
328,tso
329,ven
330,afr
331,ssw
332,ssw
333,ssw
334,ssw
335,sot
336,afr
337,afr
338,tso
339,tso
340,nso
341,nso
342,ssw
343,ssw
344,ven
345,tso
346,nbl
347,tso
348,tso
349,ssw
350,afr
351,ssw
352,afr
353,nso
354,nso
355,tsn
356,ssw
357,ssw
358,nso
359,tsn
360,ssw
361,afr
362,nbl
363,ssw
364,tso
365,nso
366,nbl
367,ssw
368,ssw
369,eng
370,afr
371,ssw
372,afr
373,ven
374,ssw
375,ssw
376,ssw
377,nso
378,nbl
379,nso
380,nso
381,tso
382,xho
383,ssw
384,xho
385,afr
386,ssw
387,nbl
388,sot
389,ssw
390,nso
391,tso
392,afr
393,ssw
394,nso
395,ssw
396,nso
397,ssw
398,sot
399,afr
400,ssw
401,sot
402,tso
403,nso
404,nso
405,eng
406,nso
407,eng
408,xho
409,tsn
410,ssw
411,ssw
412,ssw
413,nso
414,nso
415,ssw
416,nso
417,ssw
418,tso
419,tso
420,ven
421,ssw
422,ven
423,ven
424,ssw
425,tso
426,afr
427,sot
428,ssw
429,ssw
430,ssw
431,nso
432,afr
433,xho
434,tso
435,afr
436,ven
437,afr
438,tso
439,ssw
440,ven
441,nso
442,ssw
443,nso
444,ssw
445,ssw
446,ssw
447,tso
448,ssw
449,tsn
450,ssw
451,ssw
452,ssw
453,ven
454,eng
455,nso
456,ven
457,xho
458,ssw
459,nso
460,ssw
461,ven
462,eng
463,ssw
464,nso
465,ven
466,ssw
467,ssw
468,ssw
469,ssw
470,tso
471,ssw
472,ssw
473,eng
474,afr
475,nso
476,ssw
477,ssw
478,nso
479,sot
480,tso
481,ssw
482,ssw
483,afr
484,ssw
485,tso
486,ssw
487,eng
488,ven
489,nso
490,nso
491,nso
492,nso
493,ssw
494,ven
495,nso
496,ven
497,ssw
498,ven
499,ssw
500,ven
501,ssw
502,ssw
503,ssw
504,tso
505,nso
506,afr
507,ssw
508,nso
509,afr
510,afr
511,afr
512,ssw
513,eng
514,tso
515,afr
516,tsn
517,eng
518,xho
519,nso
520,ven
521,ssw
522,ssw
523,tso
524,tsn
525,afr
526,ssw
527,ssw
528,ssw
529,sot
530,xho
531,nso
532,ssw
533,nso
534,tsn
535,ssw
536,tso
537,xho
538,ssw
539,ven
540,ssw
541,ssw
542,ssw
543,nbl
544,ssw
545,ssw
546,ven
547,ssw
548,eng
549,nso
550,tso
551,nso
552,eng
553,ssw
554,ssw
555,ven
556,ssw
557,zul
558,ven
559,ssw
560,ssw
561,nso
562,ssw
563,afr
564,ssw
565,ssw
566,ssw
567,nbl
568,tsn
569,ssw
570,afr
571,ssw
572,tso
573,sot
574,ssw
575,tsn
576,ssw
577,ssw
578,ssw
579,afr
580,ssw
581,ssw
582,sot
583,ssw
584,ven
585,afr
586,ven
587,eng
588,eng
589,afr
590,eng
591,ssw
592,nso
593,ven
594,afr
595,nso
596,ven
597,ssw
598,ven
599,ven
600,afr
601,ssw
602,afr
603,nso
604,nso
605,tso
606,ven
607,nso
608,afr
609,ssw
610,ven
611,tso
612,sot
613,ssw
614,ssw
615,afr
616,ssw
617,nso
618,ven
619,ssw
620,ven
621,nso
622,ssw
623,ssw
624,ssw
625,nso
626,ssw
627,ssw
628,tso
629,ven
630,ssw
631,ssw
632,ssw
633,ssw
634,nso
635,afr
636,ssw
637,ssw
638,eng
639,sot
640,ssw
641,ven
642,tso
643,nso
644,nso
645,tsn
646,eng
647,ssw
648,afr
649,nso
650,sot
651,ssw
652,ssw
653,tso
654,nso
655,ven
656,afr
657,sot
658,sot
659,sot
660,ssw
661,ssw
662,afr
663,nso
664,ven
665,ven
666,ssw
667,nso
668,ssw
669,sot
670,ssw
671,nso
672,afr
673,tso
674,tsn
675,ssw
676,ssw
677,afr
678,afr
679,ssw
680,nso
681,ssw
682,ssw
683,ssw
684,ssw
685,nso
686,ssw
687,ssw
688,afr
689,tsn
690,afr
691,eng
692,afr
693,xho
694,afr
695,ssw
696,ssw
697,tso
698,nso
699,xho
700,ven
701,sot
702,ven
703,ssw
704,ssw
705,nso
706,tso
707,ssw
708,nso
709,ssw
710,nso
711,nso
712,ssw
713,ssw
714,tso
715,ven
716,sot
717,tso
718,nso
719,afr
720,eng
721,ven
722,afr
723,ssw
724,nso
725,ssw
726,ssw
727,nso
728,ssw
729,nso
730,ssw
731,ssw
732,sot
733,nso
734,tsn
735,eng
736,afr
737,ssw
738,eng
739,afr
740,tsn
741,ssw
742,sot
743,tso
744,tsn
745,eng
746,nso
747,ssw
748,tso
749,tso
750,ssw
751,ssw
752,afr
753,ssw
754,tsn
755,eng
756,nso
757,ssw
758,ven
759,nso
760,ssw
761,afr
762,tsn
763,nso
764,ssw
765,ssw
766,tsn
767,nso
768,nso
769,nso
770,ssw
771,eng
772,tsn
773,ssw
774,afr
775,eng
776,tso
777,nso
778,ssw
779,afr
780,nso
781,ssw
782,tso
783,afr
784,nso
785,sot
786,afr
787,nbl
788,nso
789,nso
790,tso
791,ssw
792,ssw
793,ssw
794,nso
795,eng
796,ssw
797,xho
798,nbl
799,ssw
800,ssw
801,ssw
802,afr
803,nso
804,nso
805,ssw
806,nso
807,tso
808,ssw
809,ssw
810,ssw
811,eng
812,nso
813,ssw
814,ven
815,ssw
816,nso
817,ssw
818,nso
819,afr
820,ssw
821,afr
822,ven
823,nso
824,ssw
825,tsn
826,sot
827,tso
828,nso
829,ven
830,ssw
831,ssw
832,nbl
833,ssw
834,ssw
835,eng
836,xho
837,afr
838,afr
839,nso
840,nso
841,ssw
842,ven
843,ssw
844,ssw
845,xho
846,tso
847,tso
848,ssw
849,sot
850,zul
851,nso
852,ssw
853,ven
854,ssw
855,ven
856,sot
857,afr
858,ssw
859,ssw
860,afr
861,ssw
862,nso
863,ven
864,tso
865,ssw
866,nbl
867,ssw
868,afr
869,nso
870,ven
871,tso
872,ssw
873,ven
874,tso
875,nso
876,sot
877,ssw
878,afr
879,ssw
880,ssw
881,ssw
882,afr
883,ven
884,nso
885,ssw
886,ssw
887,ssw
888,nso
889,afr
890,afr
891,sot
892,tsn
893,tso
894,nso
895,afr
896,sot
897,ven
898,ssw
899,eng
900,ssw
901,ssw
902,ssw
903,ssw
904,ssw
905,sot
906,tso
907,ssw
908,ssw
909,ssw
910,ven
911,ssw
912,eng
913,afr
914,nbl
915,nso
916,nso
917,ven
918,ssw
919,nso
920,tso
921,nso
922,ssw
923,ssw
924,afr
925,sot
926,ven
927,sot
928,ssw
929,afr
930,ssw
931,ssw
932,ven
933,ven
934,xho
935,tso
936,nbl
937,ssw
938,tsn
939,tso
940,ven
941,afr
942,nbl
943,tso
944,nbl
945,nso
946,afr
947,ven
948,nso
949,zul
950,tsn
951,ssw
952,ssw
953,sot
954,ssw
955,eng
956,sot
957,ssw
958,ssw
959,ven
960,ssw
961,nso
962,ven
963,ssw
964,nso
965,afr
966,nso
967,afr
968,ven
969,nso
970,ssw
971,ssw
972,tso
973,nso
974,ssw
975,sot
976,nso
977,nso
978,ssw
979,xho
980,ssw
981,tso
982,ssw
983,afr
984,ssw
985,ssw
986,ssw
987,tsn
988,ssw
989,afr
990,ven
991,ssw
992,ssw
993,ssw
994,ssw
995,afr
996,ven
997,nso
998,afr
999,ssw
1000,afr
1001,ssw
1002,tso
1003,tsn
1004,sot
1005,afr
1006,ssw
1007,sot
1008,ssw
1009,ssw
1010,ssw
1011,ssw
1012,ssw
1013,tso
1014,ssw
1015,afr
1016,nso
1017,nso
1018,afr
1019,ssw
1020,ven
1021,tso
1022,nso
1023,afr
1024,ven
1025,ssw
1026,afr
1027,nso
1028,ssw
1029,ssw
1030,ssw
1031,ssw
1032,ven
1033,ssw
1034,nso
1035,xho
1036,nso
1037,tso
1038,nso
1039,nso
1040,afr
1041,ven
1042,ssw
1043,ssw
1044,nso
1045,tso
1046,afr
1047,ssw
1048,eng
1049,sot
1050,ssw
1051,ssw
1052,nso
1053,nso
1054,ssw
1055,nso
1056,tsn
1057,sot
1058,nso
1059,ssw
1060,ssw
1061,eng
1062,ssw
1063,ssw
1064,nso
1065,tsn
1066,ssw
1067,tso
1068,ssw
1069,ssw
1070,nso
1071,nso
1072,nso
1073,nso
1074,eng
1075,tso
1076,sot
1077,nbl
1078,ssw
1079,ssw
1080,sot
1081,ssw
1082,ven
1083,xho
1084,xho
1085,ssw
1086,nso
1087,ven
1088,ssw
1089,nso
1090,ssw
1091,ven
1092,ssw
1093,ven
1094,ven
1095,ssw
1096,ssw
1097,tso
1098,tso
1099,ssw
1100,sot
1101,ssw
1102,ssw
1103,ssw
1104,nso
1105,nso
1106,ssw
1107,nso
1108,nso
1109,ven
1110,ven
1111,ssw
1112,ssw
1113,tso
1114,tso
1115,afr
1116,afr
1117,eng
1118,ven
1119,tsn
1120,ven
1121,nso
1122,tsn
1123,nso
1124,ssw
1125,tso
1126,tso
1127,ven
1128,tso
1129,afr
1130,ven
1131,sot
1132,afr
1133,afr
1134,ssw
1135,tso
1136,ssw
1137,tso
1138,ssw
1139,tso
1140,eng
1141,tso
1142,afr
1143,ssw
1144,tso
1145,ven
1146,zul
1147,ven
1148,nso
1149,nso
1150,nbl
1151,ven
1152,ssw
1153,nso
1154,ssw
1155,ssw
1156,ssw
1157,nso
1158,nso
1159,tso
1160,ssw
1161,nso
1162,ssw
1163,ssw
1164,ven
1165,eng
1166,ssw
1167,ssw
1168,ssw
1169,tso
1170,ssw
1171,tso
1172,tsn
1173,ssw
1174,ssw
1175,eng
1176,ssw
1177,nso
1178,ssw
1179,eng
1180,ssw
1181,ssw
1182,nso
1183,nso
1184,nso
1185,tsn
1186,ssw
1187,ven
1188,nso
1189,nso
1190,nso
1191,nso
1192,ven
1193,eng
1194,ssw
1195,tsn
1196,afr
1197,tso
1198,nso
1199,ssw
1200,ssw
1201,tso
1202,tso
1203,nso
1204,ssw
1205,xho
1206,afr
1207,ssw
1208,nso
1209,nso
1210,ssw
1211,tso
1212,nso
1213,ssw
1214,tso
1215,eng
1216,ssw
1217,afr
1218,ssw
1219,ssw
1220,afr
1221,tso
1222,nso
1223,afr
1224,ssw
1225,ssw
1226,ssw
1227,nbl
1228,tso
1229,eng
1230,xho
1231,ssw
1232,ssw
1233,ven
1234,nso
1235,sot
1236,ven
1237,afr
1238,afr
1239,ssw
1240,sot
1241,afr
1242,ssw
1243,afr
1244,ssw
1245,ssw
1246,sot
1247,eng
1248,sot
1249,ssw
1250,nso
1251,ssw
1252,ssw
1253,nso
1254,ven
1255,nso
1256,ven
1257,nso
1258,sot
1259,ssw
1260,ssw
1261,afr
1262,nso
1263,ssw
1264,xho
1265,afr
1266,ssw
1267,tso
1268,nso
1269,ssw
1270,ven
1271,ssw
1272,ssw
1273,ssw
1274,ssw
1275,ssw
1276,ssw
1277,ssw
1278,ssw
1279,eng
1280,tso
1281,ssw
1282,eng
1283,ssw
1284,ven
1285,afr
1286,nso
1287,nso
1288,ssw
1289,nso
1290,afr
1291,afr
1292,afr
1293,ssw
1294,ven
1295,afr
1296,ven
1297,ssw
1298,nso
1299,nso
1300,nso
1301,ssw
1302,ssw
1303,ssw
1304,tso
1305,sot
1306,nso
1307,afr
1308,ssw
1309,afr
1310,sot
1311,tsn
1312,ssw
1313,nso
1314,ssw
1315,tso
1316,xho
1317,tso
1318,xho
1319,nso
1320,nso
1321,afr
1322,nso
1323,afr
1324,ssw
1325,nso
1326,afr
1327,afr
1328,ven
1329,sot
1330,tsn
1331,ssw
1332,ssw
1333,tso
1334,zul
1335,ssw
1336,ssw
1337,ssw
1338,ssw
1339,afr
1340,nso
1341,zul
1342,sot
1343,nso
1344,nso
1345,tso
1346,ssw
1347,tsn
1348,xho
1349,nso
1350,ssw
1351,tso
1352,ssw
1353,nso
1354,ssw
1355,ven
1356,ssw
1357,ssw
1358,sot
1359,ssw
1360,ssw
1361,ssw
1362,ssw
1363,tso
1364,afr
1365,nso
1366,ven
1367,nso
1368,tso
1369,ssw
1370,nso
1371,eng
1372,ven
1373,ssw
1374,ssw
1375,ssw
1376,ven
1377,ssw
1378,xho
1379,sot
1380,ssw
1381,zul
1382,ssw
1383,ven
1384,nso
1385,xho
1386,ssw
1387,ven
1388,ven
1389,tsn
1390,afr
1391,ssw
1392,afr
1393,ven
1394,nso
1395,nso
1396,nbl
1397,ssw
1398,tso
1399,xho
1400,tsn
1401,ssw
1402,nso
1403,ssw
1404,afr
1405,xho
1406,nso
1407,sot
1408,ssw
1409,tso
1410,afr
1411,tso
1412,nso
1413,tso
1414,nso
1415,afr
1416,tso
1417,tsn
1418,nso
1419,ssw
1420,nso
1421,xho
1422,nso
1423,afr
1424,nso
1425,ven
1426,ssw
1427,tsn
1428,ven
1429,nso
1430,ssw
1431,afr
1432,ven
1433,ven
1434,tsn
1435,tso
1436,ssw
1437,ssw
1438,nso
1439,ven
1440,nso
1441,ssw
1442,ssw
1443,ssw
1444,nso
1445,ssw
1446,afr
1447,ssw
1448,sot
1449,ssw
1450,ssw
1451,ven
1452,zul
1453,nbl
1454,ven
1455,nso
1456,ssw
1457,ssw
1458,ven
1459,afr
1460,ssw
1461,tso
1462,ssw
1463,tso
1464,ssw
1465,eng
1466,ssw
1467,afr
1468,tsn
1469,tso
1470,tso
1471,ssw
1472,afr
1473,ssw
1474,ven
1475,ssw
1476,ven
1477,nso
1478,ven
1479,afr
1480,ssw
1481,afr
1482,afr
1483,afr
1484,ssw
1485,ssw
1486,sot
1487,tso
1488,ssw
1489,afr
1490,ssw
1491,ssw
1492,ssw
1493,ssw
1494,ssw
1495,ven
1496,ssw
1497,nso
1498,afr
1499,ssw
1500,ven
1501,eng
1502,ssw
1503,ssw
1504,ssw
1505,tso
1506,ven
1507,ssw
1508,tso
1509,xho
1510,tsn
1511,ven
1512,zul
1513,ven
1514,ssw
1515,eng
1516,ssw
1517,ssw
1518,nso
1519,ven
1520,sot
1521,tso
1522,sot
1523,afr
1524,eng
1525,ven
1526,sot
1527,ssw
1528,xho
1529,eng
1530,afr
1531,ssw
1532,ssw
1533,ssw
1534,nso
1535,ven
1536,tso
1537,nso
1538,afr
1539,nso
1540,ssw
1541,ven
1542,ssw
1543,ssw
1544,ssw
1545,ssw
1546,ssw
1547,afr
1548,ssw
1549,ssw
1550,ven
1551,nso
1552,eng
1553,ven
1554,nso
1555,ven
1556,ssw
1557,ssw
1558,tso
1559,tso
1560,ssw
1561,ssw
1562,ssw
1563,ven
1564,tsn
1565,ven
1566,ssw
1567,ssw
1568,ssw
1569,nso
1570,ssw
1571,nso
1572,ssw
1573,ssw
1574,xho
1575,ven
1576,ssw
1577,ssw
1578,afr
1579,ssw
1580,ssw
1581,eng
1582,nso
1583,ssw
1584,ssw
1585,ssw
1586,ssw
1587,ssw
1588,ven
1589,ssw
1590,sot
1591,eng
1592,nso
1593,nso
1594,ssw
1595,ssw
1596,ssw
1597,ssw
1598,ssw
1599,tso
1600,ssw
1601,ssw
1602,ssw
1603,ssw
1604,ssw
1605,tso
1606,ssw
1607,tsn
1608,ssw
1609,nso
1610,ssw
1611,ssw
1612,xho
1613,nso
1614,ssw
1615,nso
1616,sot
1617,nso
1618,ssw
1619,ssw
1620,ssw
1621,nso
1622,ssw
1623,ssw
1624,ssw
1625,ssw
1626,tso
1627,ssw
1628,ssw
1629,afr
1630,ssw
1631,eng
1632,ssw
1633,ssw
1634,ssw
1635,nbl
1636,ssw
1637,ven
1638,ssw
1639,nso
1640,afr
1641,ssw
1642,tso
1643,eng
1644,afr
1645,ven
1646,tso
1647,nso
1648,ssw
1649,ssw
1650,ssw
1651,tso
1652,nso
1653,ssw
1654,nso
1655,ssw
1656,ssw
1657,ven
1658,afr
1659,afr
1660,ssw
1661,ven
1662,afr
1663,ssw
1664,nso
1665,ssw
1666,tsn
1667,afr
1668,ssw
1669,nso
1670,nso
1671,afr
1672,ssw
1673,ven
1674,tso
1675,afr
1676,ssw
1677,afr
1678,nso
1679,ssw
1680,tsn
1681,tso
1682,sot
1683,afr
1684,ven
1685,xho
1686,sot
1687,ven
1688,tsn
1689,afr
1690,ssw
1691,afr
1692,ssw
1693,ssw
1694,sot
1695,sot
1696,afr
1697,ssw
1698,ssw
1699,tso
1700,xho
1701,ssw
1702,ven
1703,ssw
1704,tsn
1705,nso
1706,ssw
1707,nso
1708,ssw
1709,ssw
1710,afr
1711,ssw
1712,afr
1713,tsn
1714,ssw
1715,ven
1716,ssw
1717,tsn
1718,ssw
1719,tso
1720,ssw
1721,ssw
1722,ven
1723,nso
1724,ven
1725,sot
1726,ven
1727,nso
1728,ssw
1729,tso
1730,ssw
1731,ven
1732,afr
1733,eng
1734,ssw
1735,ssw
1736,ssw
1737,zul
1738,ssw
1739,ven
1740,ven
1741,ssw
1742,ssw
1743,ssw
1744,ssw
1745,nso
1746,ssw
1747,sot
1748,ssw
1749,nso
1750,nso
1751,nbl
1752,ssw
1753,tso
1754,afr
1755,tso
1756,zul
1757,ven
1758,tso
1759,afr
1760,nso
1761,tsn
1762,ssw
1763,ssw
1764,nso
1765,ssw
1766,ssw
1767,afr
1768,ssw
1769,ssw
1770,ssw
1771,nbl
1772,ven
1773,ven
1774,ssw
1775,ssw
1776,ven
1777,tso
1778,tso
1779,sot
1780,ssw
1781,ven
1782,ven
1783,nso
1784,nso
1785,ven
1786,ssw
1787,ssw
1788,ssw
1789,tsn
1790,ssw
1791,afr
1792,ssw
1793,nso
1794,xho
1795,ssw
1796,ssw
1797,ssw
1798,ssw
1799,ssw
1800,eng
1801,ssw
1802,tso
1803,nso
1804,sot
1805,sot
1806,ssw
1807,ven
1808,tso
1809,ssw
1810,ven
1811,ssw
1812,ssw
1813,ssw
1814,ven
1815,nso
1816,ven
1817,ssw
1818,nso
1819,ssw
1820,nbl
1821,afr
1822,ssw
1823,afr
1824,nso
1825,ssw
1826,ssw
1827,ssw
1828,ssw
1829,ssw
1830,ssw
1831,tso
1832,tso
1833,nso
1834,nso
1835,ssw
1836,ssw
1837,ssw
1838,ssw
1839,afr
1840,nso
1841,ssw
1842,nso
1843,ssw
1844,afr
1845,ssw
1846,ssw
1847,ssw
1848,nso
1849,nso
1850,ssw
1851,nso
1852,nso
1853,afr
1854,nso
1855,nbl
1856,afr
1857,ssw
1858,ssw
1859,nso
1860,ssw
1861,ssw
1862,ssw
1863,tso
1864,ssw
1865,eng
1866,ven
1867,ssw
1868,ssw
1869,ssw
1870,ssw
1871,ssw
1872,sot
1873,ssw
1874,ven
1875,tso
1876,nso
1877,zul
1878,ssw
1879,ssw
1880,ssw
1881,nso
1882,ven
1883,nso
1884,ven
1885,tsn
1886,ssw
1887,sot
1888,nso
1889,sot
1890,ven
1891,tso
1892,eng
1893,ssw
1894,ssw
1895,afr
1896,ssw
1897,nso
1898,ven
1899,nso
1900,sot
1901,xho
1902,ven
1903,tsn
1904,tsn
1905,tso
1906,ssw
1907,tso
1908,ven
1909,ssw
1910,xho
1911,nso
1912,tso
1913,afr
1914,afr
1915,ssw
1916,ssw
1917,ssw
1918,ssw
1919,tso
1920,tso
1921,ssw
1922,nso
1923,sot
1924,ssw
1925,nbl
1926,sot
1927,ven
1928,afr
1929,ven
1930,nso
1931,tso
1932,sot
1933,ven
1934,ssw
1935,ssw
1936,ssw
1937,ssw
1938,nso
1939,afr
1940,afr
1941,nbl
1942,ssw
1943,ssw
1944,ssw
1945,ssw
1946,ven
1947,nso
1948,ssw
1949,ssw
1950,xho
1951,afr
1952,nso
1953,nso
1954,ssw
1955,ssw
1956,ssw
1957,ssw
1958,ven
1959,tsn
1960,afr
1961,tso
1962,afr
1963,tso
1964,ssw
1965,ssw
1966,ssw
1967,ssw
1968,tsn
1969,tso
1970,afr
1971,ssw
1972,nso
1973,ssw
1974,ssw
1975,ssw
1976,nso
1977,ssw
1978,afr
1979,nso
1980,nso
1981,nso
1982,xho
1983,nso
1984,ssw
1985,ssw
1986,tsn
1987,tso
1988,ssw
1989,sot
1990,ssw
1991,ssw
1992,tso
1993,tso
1994,nso
1995,ven
1996,ven
1997,ssw
1998,eng
1999,ssw
2000,ssw
2001,ven
2002,ven
2003,nso
2004,ssw
2005,ven
2006,ssw
2007,tso
2008,ssw
2009,sot
2010,nso
2011,ssw
2012,ssw
2013,ven
2014,afr
2015,ssw
2016,nso
2017,ssw
2018,afr
2019,ssw
2020,xho
2021,sot
2022,tso
2023,ven
2024,ssw
2025,ssw
2026,xho
2027,nso
2028,nso
2029,ssw
2030,tsn
2031,ssw
2032,ssw
2033,ven
2034,ssw
2035,ssw
2036,ven
2037,sot
2038,ven
2039,ssw
2040,nso
2041,afr
2042,nso
2043,nso
2044,ssw
2045,nso
2046,nso
2047,nbl
2048,nso
2049,afr
2050,afr
2051,ssw
2052,eng
2053,nso
2054,tso
2055,nso
2056,afr
2057,eng
2058,nso
2059,tso
2060,afr
2061,tso
2062,ssw
2063,nso
2064,ssw
2065,eng
2066,ssw
2067,ssw
2068,tsn
2069,ssw
2070,ssw
2071,nso
2072,tsn
2073,sot
2074,tso
2075,tsn
2076,eng
2077,afr
2078,ven
2079,xho
2080,ssw
2081,afr
2082,sot
2083,afr
2084,eng
2085,ssw
2086,ssw
2087,nso
2088,xho
2089,nso
2090,ssw
2091,ssw
2092,sot
2093,ven
2094,ssw
2095,ssw
2096,nbl
2097,ssw
2098,ven
2099,ssw
2100,sot
2101,nso
2102,ssw
2103,eng
2104,tso
2105,afr
2106,ssw
2107,ssw
2108,ven
2109,ven
2110,ssw
2111,ssw
2112,afr
2113,afr
2114,ssw
2115,nso
2116,ssw
2117,nso
2118,tsn
2119,tso
2120,xho
2121,sot
2122,nso
2123,ven
2124,ssw
2125,nso
2126,afr
2127,afr
2128,ven
2129,tso
2130,ven
2131,tsn
2132,nso
2133,nso
2134,nso
2135,nso
2136,ssw
2137,afr
2138,eng
2139,sot
2140,afr
2141,nso
2142,sot
2143,ssw
2144,tsn
2145,ven
2146,ssw
2147,nso
2148,ssw
2149,ssw
2150,ssw
2151,ssw
2152,tso
2153,ven
2154,nso
2155,ssw
2156,ssw
2157,ssw
2158,nbl
2159,nso
2160,ssw
2161,afr
2162,nso
2163,ssw
2164,ssw
2165,ssw
2166,ven
2167,ssw
2168,tso
2169,ssw
2170,nso
2171,ssw
2172,tso
2173,nso
2174,nso
2175,ven
2176,afr
2177,ven
2178,ven
2179,nso
2180,ssw
2181,ssw
2182,tso
2183,ven
2184,ssw
2185,sot
2186,nso
2187,nso
2188,ssw
2189,ssw
2190,ssw
2191,ssw
2192,afr
2193,tso
2194,nso
2195,zul
2196,nso
2197,tso
2198,tso
2199,afr
2200,ssw
2201,ssw
2202,afr
2203,tso
2204,nso
2205,nbl
2206,nso
2207,ssw
2208,ssw
2209,nso
2210,ssw
2211,afr
2212,ssw
2213,ven
2214,tsn
2215,nso
2216,ssw
2217,tso
2218,afr
2219,tsn
2220,ssw
2221,nso
2222,ssw
2223,nso
2224,ssw
2225,ssw
2226,sot
2227,ssw
2228,tso
2229,ssw
2230,afr
2231,nso
2232,ssw
2233,ssw
2234,eng
2235,ssw
2236,afr
2237,ssw
2238,ssw
2239,ssw
2240,ssw
2241,eng
2242,ven
2243,afr
2244,ssw
2245,ssw
2246,ssw
2247,ssw
2248,ssw
2249,ssw
2250,ssw
2251,tso
2252,ssw
2253,nso
2254,eng
2255,nso
2256,ssw
2257,nso
2258,nso
2259,tsn
2260,ssw
2261,ven
2262,ven
2263,nso
2264,nso
2265,afr
2266,nso
2267,sot
2268,afr
2269,ven
2270,nso
2271,sot
2272,nso
2273,tsn
2274,ssw
2275,nso
2276,ssw
2277,sot
2278,afr
2279,ssw
2280,ssw
2281,ven
2282,tso
2283,eng
2284,ssw
2285,ssw
2286,ssw
2287,tsn
2288,eng
2289,nso
2290,tso
2291,ven
2292,afr
2293,xho
2294,tsn
2295,ssw
2296,ssw
2297,afr
2298,nso
2299,sot
2300,ven
2301,nso
2302,afr
2303,ssw
2304,tso
2305,afr
2306,ssw
2307,tso
2308,afr
2309,nso
2310,ssw
2311,ssw
2312,sot
2313,tso
2314,xho
2315,nso
2316,afr
2317,ssw
2318,ssw
2319,sot
2320,afr
2321,nso
2322,sot
2323,ssw
2324,tso
2325,ven
2326,ssw
2327,nso
2328,ssw
2329,ssw
2330,ssw
2331,nbl
2332,tso
2333,nbl
2334,nso
2335,ssw
2336,ven
2337,ssw
2338,xho
2339,nso
2340,tso
2341,ssw
2342,tso
2343,ssw
2344,ssw
2345,nso
2346,sot
2347,ven
2348,ssw
2349,ssw
2350,ssw
2351,ssw
2352,sot
2353,afr
2354,ssw
2355,ssw
2356,nso
2357,ssw
2358,ven
2359,xho
2360,nbl
2361,ssw
2362,ssw
2363,tsn
2364,ssw
2365,ssw
2366,ssw
2367,nso
2368,ssw
2369,afr
2370,ssw
2371,nso
2372,afr
2373,ssw
2374,ssw
2375,ssw
2376,ssw
2377,afr
2378,tso
2379,afr
2380,tso
2381,ven
2382,ssw
2383,ssw
2384,afr
2385,nso
2386,nso
2387,tso
2388,ssw
2389,ssw
2390,ssw
2391,ssw
2392,ssw
2393,ssw
2394,ssw
2395,eng
2396,sot
2397,nso
2398,afr
2399,tsn
2400,sot
2401,ssw
2402,tso
2403,ven
2404,afr
2405,afr
2406,ssw
2407,afr
2408,afr
2409,tso
2410,ssw
2411,afr
2412,afr
2413,sot
2414,nso
2415,nso
2416,tso
2417,ven
2418,ssw
2419,ven
2420,nso
2421,ven
2422,nso
2423,tso
2424,tsn
2425,afr
2426,ssw
2427,afr
2428,nso
2429,tso
2430,nso
2431,ssw
2432,ssw
2433,ssw
2434,ssw
2435,nso
2436,ssw
2437,ssw
2438,ssw
2439,zul
2440,ssw
2441,ssw
2442,ssw
2443,ssw
2444,nso
2445,tso
2446,afr
2447,tsn
2448,tso
2449,ssw
2450,afr
2451,ssw
2452,afr
2453,ssw
2454,eng
2455,ven
2456,sot
2457,ssw
2458,ssw
2459,sot
2460,ssw
2461,afr
2462,nso
2463,nso
2464,ssw
2465,ssw
2466,xho
2467,ven
2468,afr
2469,tsn
2470,ssw
2471,afr
2472,ssw
2473,ven
2474,ssw
2475,ssw
2476,xho
2477,ssw
2478,ssw
2479,ven
2480,ssw
2481,ssw
2482,ssw
2483,xho
2484,tso
2485,ssw
2486,ven
2487,ssw
2488,ssw
2489,ssw
2490,ven
2491,ssw
2492,afr
2493,sot
2494,ssw
2495,nso
2496,ssw
2497,ssw
2498,ssw
2499,ven
2500,ssw
2501,ssw
2502,ssw
2503,afr
2504,tso
2505,ssw
2506,sot
2507,ssw
2508,afr
2509,ssw
2510,afr
2511,eng
2512,nso
2513,nso
2514,ssw
2515,ssw
2516,nso
2517,tso
2518,nso
2519,ssw
2520,nbl
2521,sot
2522,afr
2523,ssw
2524,sot
2525,ven
2526,sot
2527,tso
2528,tso
2529,ssw
2530,ssw
2531,eng
2532,afr
2533,nso
2534,ssw
2535,ssw
2536,tso
2537,nso
2538,afr
2539,tso
2540,ssw
2541,afr
2542,tsn
2543,ssw
2544,ssw
2545,ven
2546,sot
2547,ven
2548,ven
2549,afr
2550,ssw
2551,nso
2552,nso
2553,sot
2554,tso
2555,ssw
2556,nso
2557,xho
2558,ssw
2559,ven
2560,ven
2561,ven
2562,afr
2563,ven
2564,afr
2565,ssw
2566,nso
2567,afr
2568,tsn
2569,nso
2570,tso
2571,tsn
2572,ven
2573,ven
2574,ssw
2575,ssw
2576,ssw
2577,ssw
2578,eng
2579,sot
2580,nso
2581,ven
2582,nso
2583,eng
2584,ssw
2585,tso
2586,nso
2587,nso
2588,ssw
2589,ven
2590,ssw
2591,ven
2592,tsn
2593,ssw
2594,ssw
2595,tso
2596,ssw
2597,afr
2598,ssw
2599,ssw
2600,ssw
2601,nso
2602,ssw
2603,ven
2604,afr
2605,afr
2606,eng
2607,tsn
2608,ven
2609,nso
2610,ssw
2611,xho
2612,eng
2613,afr
2614,nso
2615,tso
2616,ssw
2617,ssw
2618,afr
2619,ssw
2620,ven
2621,nso
2622,ssw
2623,tso
2624,tso
2625,nso
2626,tso
2627,ssw
2628,eng
2629,afr
2630,tso
2631,ssw
2632,ssw
2633,ssw
2634,nso
2635,ssw
2636,ssw
2637,ssw
2638,ssw
2639,sot
2640,eng
2641,afr
2642,afr
2643,xho
2644,afr
2645,nso
2646,nso
2647,sot
2648,nso
2649,xho
2650,ssw
2651,eng
2652,eng
2653,eng
2654,ssw
2655,eng
2656,ssw
2657,ssw
2658,ssw
2659,eng
2660,ssw
2661,ssw
2662,ven
2663,ssw
2664,ven
2665,ssw
2666,nso
2667,nso
2668,ssw
2669,ssw
2670,nso
2671,ssw
2672,zul
2673,ssw
2674,nso
2675,ven
2676,ssw
2677,tso
2678,ssw
2679,ssw
2680,eng
2681,afr
2682,ssw
2683,sot
2684,ssw
2685,ven
2686,ssw
2687,ssw
2688,nso
2689,ssw
2690,nso
2691,tso
2692,ssw
2693,ssw
2694,ssw
2695,ven
2696,afr
2697,ssw
2698,ven
2699,sot
2700,ven
2701,ssw
2702,afr
2703,ssw
2704,ven
2705,tso
2706,nso
2707,sot
2708,tsn
2709,ssw
2710,ssw
2711,ssw
2712,ssw
2713,tso
2714,nso
2715,ssw
2716,ssw
2717,nbl
2718,sot
2719,ssw
2720,afr
2721,ven
2722,tso
2723,tso
2724,tso
2725,ssw
2726,afr
2727,afr
2728,tso
2729,ssw
2730,ssw
2731,nso
2732,sot
2733,ssw
2734,ven
2735,ssw
2736,tso
2737,sot
2738,tso
2739,tso
2740,ssw
2741,ven
2742,afr
2743,nso
2744,ssw
2745,nso
2746,ssw
2747,afr
2748,ssw
2749,tso
2750,tsn
2751,ssw
2752,tsn
2753,ssw
2754,ssw
2755,ven
2756,tsn
2757,ven
2758,nso
2759,ssw
2760,tsn
2761,ssw
2762,nso
2763,ssw
2764,afr
2765,ssw
2766,nso
2767,nso
2768,sot
2769,sot
2770,ven
2771,eng
2772,ssw
2773,afr
2774,tsn
2775,afr
2776,tso
2777,ssw
2778,afr
2779,afr
2780,nso
2781,ssw
2782,afr
2783,xho
2784,ssw
2785,ssw
2786,tso
2787,eng
2788,ssw
2789,ven
2790,ven
2791,nso
2792,afr
2793,ven
2794,zul
2795,tso
2796,nso
2797,sot
2798,nso
2799,ven
2800,nso
2801,ssw
2802,ssw
2803,afr
2804,ssw
2805,tsn
2806,nso
2807,ssw
2808,ssw
2809,afr
2810,nso
2811,nso
2812,eng
2813,nso
2814,afr
2815,ssw
2816,ssw
2817,eng
2818,ssw
2819,tsn
2820,afr
2821,ssw
2822,xho
2823,ssw
2824,tso
2825,nso
2826,nbl
2827,nso
2828,ssw
2829,tso
2830,nso
2831,ssw
2832,tsn
2833,ssw
2834,nso
2835,ssw
2836,afr
2837,eng
2838,ven
2839,nso
2840,ssw
2841,tsn
2842,ssw
2843,tso
2844,ssw
2845,tso
2846,afr
2847,ssw
2848,afr
2849,tso
2850,ssw
2851,ssw
2852,ssw
2853,ssw
2854,ven
2855,eng
2856,xho
2857,tso
2858,ssw
2859,tsn
2860,ssw
2861,tsn
2862,nso
2863,xho
2864,ssw
2865,ssw
2866,afr
2867,ssw
2868,ssw
2869,ssw
2870,ssw
2871,afr
2872,ven
2873,tso
2874,ven
2875,ssw
2876,ven
2877,eng
2878,nso
2879,ssw
2880,nso
2881,ven
2882,ssw
2883,nso
2884,ssw
2885,nso
2886,ssw
2887,nso
2888,ssw
2889,ssw
2890,ven
2891,nso
2892,nso
2893,ssw
2894,ssw
2895,tso
2896,ssw
2897,ssw
2898,ssw
2899,ssw
2900,tsn
2901,nso
2902,nso
2903,tso
2904,ssw
2905,sot
2906,nso
2907,ssw
2908,ssw
2909,afr
2910,tso
2911,nso
2912,nso
2913,afr
2914,ssw
2915,ven
2916,ven
2917,ssw
2918,ssw
2919,afr
2920,tso
2921,sot
2922,nso
2923,nbl
2924,sot
2925,ssw
2926,afr
2927,ssw
2928,ssw
2929,tso
2930,xho
2931,ssw
2932,afr
2933,ssw
2934,ssw
2935,nso
2936,nso
2937,nso
2938,tso
2939,nso
2940,afr
2941,nso
2942,ssw
2943,afr
2944,ven
2945,nso
2946,sot
2947,afr
2948,ssw
2949,ven
2950,ssw
2951,afr
2952,sot
2953,afr
2954,ssw
2955,eng
2956,nso
2957,ssw
2958,xho
2959,ssw
2960,ssw
2961,eng
2962,afr
2963,ssw
2964,ssw
2965,ssw
2966,ven
2967,nso
2968,ssw
2969,afr
2970,ven
2971,afr
2972,afr
2973,nbl
2974,tso
2975,nso
2976,ssw
2977,ssw
2978,tsn
2979,ssw
2980,nso
2981,nso
2982,tso
2983,ssw
2984,ven
2985,ssw
2986,ssw
2987,afr
2988,nso
2989,ssw
2990,ven
2991,tso
2992,ssw
2993,ssw
2994,tsn
2995,ssw
2996,sot
2997,afr
2998,ssw
2999,ssw
3000,ssw
3001,tso
3002,xho
3003,ssw
3004,afr
3005,afr
3006,afr
3007,tsn
3008,ssw
3009,nso
3010,sot
3011,ven
3012,ssw
3013,sot
3014,afr
3015,afr
3016,ssw
3017,ssw
3018,ssw
3019,ssw
3020,sot
3021,tsn
3022,nso
3023,ssw
3024,nso
3025,ssw
3026,afr
3027,tso
3028,ssw
3029,ven
3030,nso
3031,xho
3032,ssw
3033,tso
3034,afr
3035,tso
3036,nso
3037,ssw
3038,ssw
3039,ssw
3040,eng
3041,ssw
3042,nso
3043,ssw
3044,ven
3045,ssw
3046,ssw
3047,ssw
3048,afr
3049,ssw
3050,nso
3051,tsn
3052,ssw
3053,ssw
3054,ven
3055,ssw
3056,ssw
3057,nso
3058,ssw
3059,afr
3060,afr
3061,ssw
3062,tso
3063,ven
3064,ssw
3065,ssw
3066,nso
3067,ssw
3068,nso
3069,nso
3070,nso
3071,ssw
3072,afr
3073,afr
3074,ssw
3075,afr
3076,tso
3077,ven
3078,ven
3079,nso
3080,eng
3081,ven
3082,afr
3083,eng
3084,ven
3085,nso
3086,ven
3087,ssw
3088,ven
3089,ssw
3090,eng
3091,ssw
3092,nso
3093,sot
3094,ssw
3095,tso
3096,ven
3097,afr
3098,ssw
3099,ssw
3100,ssw
3101,nso
3102,ssw
3103,eng
3104,sot
3105,nso
3106,tso
3107,nso
3108,nbl
3109,ssw
3110,nso
3111,ssw
3112,ssw
3113,ssw
3114,eng
3115,sot
3116,nbl
3117,afr
3118,tso
3119,xho
3120,ssw
3121,ven
3122,nso
3123,ssw
3124,sot
3125,tso
3126,xho
3127,nso
3128,ssw
3129,nbl
3130,ssw
3131,afr
3132,tso
3133,ssw
3134,eng
3135,ssw
3136,nso
3137,ssw
3138,ssw
3139,ven
3140,afr
3141,nso
3142,ssw
3143,afr
3144,ssw
3145,ven
3146,ssw
3147,tso
3148,afr
3149,ven
3150,ssw
3151,nso
3152,nso
3153,xho
3154,ssw
3155,ven
3156,ssw
3157,afr
3158,ssw
3159,ven
3160,tso
3161,eng
3162,ssw
3163,tso
3164,ssw
3165,xho
3166,ven
3167,ssw
3168,afr
3169,tso
3170,nso
3171,eng
3172,afr
3173,nso
3174,sot
3175,nbl
3176,afr
3177,ven
3178,ven
3179,ssw
3180,tso
3181,ssw
3182,ssw
3183,tso
3184,ssw
3185,ssw
3186,ven
3187,eng
3188,afr
3189,afr
3190,ssw
3191,tso
3192,ven
3193,ssw
3194,nso
3195,ssw
3196,ssw
3197,ssw
3198,sot
3199,ssw
3200,tso
3201,ssw
3202,nso
3203,eng
3204,afr
3205,nso
3206,afr
3207,afr
3208,tso
3209,ssw
3210,nso
3211,ssw
3212,ssw
3213,eng
3214,ssw
3215,ssw
3216,ssw
3217,tsn
3218,ssw
3219,ssw
3220,ven
3221,ssw
3222,ven
3223,ven
3224,ssw
3225,ven
3226,ven
3227,ssw
3228,nso
3229,ven
3230,nso
3231,afr
3232,afr
3233,ssw
3234,ssw
3235,nso
3236,sot
3237,ssw
3238,tso
3239,ssw
3240,ssw
3241,ssw
3242,ven
3243,tso
3244,tso
3245,ssw
3246,nso
3247,ssw
3248,tso
3249,ven
3250,ssw
3251,xho
3252,xho
3253,nso
3254,nso
3255,ssw
3256,ven
3257,ssw
3258,tso
3259,tso
3260,nso
3261,ven
3262,nso
3263,tso
3264,tso
3265,ssw
3266,ssw
3267,ssw
3268,ssw
3269,ssw
3270,tso
3271,tsn
3272,sot
3273,ssw
3274,afr
3275,ssw
3276,nso
3277,ssw
3278,ssw
3279,ssw
3280,xho
3281,ssw
3282,ssw
3283,tsn
3284,ssw
3285,ssw
3286,nso
3287,ssw
3288,ssw
3289,ssw
3290,tso
3291,ssw
3292,ssw
3293,nso
3294,ssw
3295,afr
3296,ssw
3297,ssw
3298,ssw
3299,tsn
3300,sot
3301,afr
3302,nso
3303,tsn
3304,afr
3305,tso
3306,eng
3307,tso
3308,tso
3309,ven
3310,ssw
3311,tsn
3312,nso
3313,nso
3314,nso
3315,ssw
3316,nso
3317,tsn
3318,ssw
3319,afr
3320,nso
3321,ssw
3322,eng
3323,sot
3324,ven
3325,afr
3326,nso
3327,nso
3328,nso
3329,ssw
3330,afr
3331,ssw
3332,tsn
3333,ssw
3334,ssw
3335,ssw
3336,ssw
3337,ven
3338,ssw
3339,ven
3340,nso
3341,ssw
3342,ven
3343,tso
3344,tso
3345,ven
3346,ven
3347,nso
3348,tso
3349,nso
3350,nso
3351,ven
3352,ven
3353,ssw
3354,tso
3355,tsn
3356,sot
3357,afr
3358,tso
3359,nso
3360,xho
3361,ssw
3362,ssw
3363,ven
3364,ssw
3365,ven
3366,ssw
3367,ssw
3368,ven
3369,tso
3370,ssw
3371,tso
3372,ssw
3373,ven
3374,ven
3375,ven
3376,tso
3377,ssw
3378,eng
3379,afr
3380,sot
3381,ssw
3382,tsn
3383,nso
3384,ssw
3385,nso
3386,ssw
3387,ssw
3388,afr
3389,ven
3390,sot
3391,ssw
3392,ssw
3393,nso
3394,ven
3395,ssw
3396,ven
3397,zul
3398,ssw
3399,ssw
3400,xho
3401,ssw
3402,ven
3403,zul
3404,ssw
3405,ssw
3406,ssw
3407,tso
3408,ssw
3409,nso
3410,tsn
3411,tso
3412,eng
3413,eng
3414,afr
3415,ssw
3416,ssw
3417,xho
3418,ssw
3419,nso
3420,ven
3421,nso
3422,ssw
3423,ssw
3424,ssw
3425,tsn
3426,nso
3427,tso
3428,nso
3429,ssw
3430,afr
3431,ssw
3432,ssw
3433,ssw
3434,ssw
3435,nso
3436,ssw
3437,ssw
3438,afr
3439,ssw
3440,ven
3441,ven
3442,ssw
3443,ven
3444,ven
3445,tso
3446,ssw
3447,ssw
3448,ssw
3449,sot
3450,ssw
3451,ssw
3452,ssw
3453,afr
3454,ssw
3455,nso
3456,ssw
3457,ssw
3458,ssw
3459,ssw
3460,ssw
3461,ssw
3462,ssw
3463,eng
3464,sot
3465,ssw
3466,ven
3467,afr
3468,ven
3469,ssw
3470,nso
3471,ssw
3472,ssw
3473,afr
3474,ven
3475,ssw
3476,afr
3477,afr
3478,nso
3479,afr
3480,nso
3481,nso
3482,ssw
3483,nso
3484,ssw
3485,sot
3486,nbl
3487,ven
3488,ssw
3489,eng
3490,xho
3491,ssw
3492,nbl
3493,ssw
3494,ssw
3495,ssw
3496,ssw
3497,nso
3498,tso
3499,tsn
3500,afr
3501,ssw
3502,ssw
3503,ssw
3504,ssw
3505,ven
3506,tsn
3507,ven
3508,ven
3509,sot
3510,ven
3511,tso
3512,xho
3513,ssw
3514,ssw
3515,nso
3516,ssw
3517,ven
3518,ssw
3519,ven
3520,tso
3521,afr
3522,ven
3523,sot
3524,ssw
3525,tso
3526,nso
3527,ssw
3528,xho
3529,tsn
3530,afr
3531,ven
3532,nbl
3533,nso
3534,ven
3535,tso
3536,tsn
3537,ven
3538,sot
3539,ssw
3540,nso
3541,ssw
3542,tso
3543,ssw
3544,ssw
3545,tso
3546,ssw
3547,tso
3548,tsn
3549,tso
3550,eng
3551,eng
3552,ssw
3553,nso
3554,ssw
3555,ssw
3556,ssw
3557,ssw
3558,ssw
3559,afr
3560,tso
3561,nso
3562,afr
3563,afr
3564,nso
3565,nso
3566,nso
3567,afr
3568,tso
3569,nso
3570,ssw
3571,ssw
3572,nso
3573,afr
3574,nbl
3575,nso
3576,ssw
3577,ven
3578,afr
3579,ven
3580,tsn
3581,eng
3582,nso
3583,afr
3584,tso
3585,ssw
3586,ssw
3587,ven
3588,ssw
3589,afr
3590,nso
3591,ven
3592,tsn
3593,ssw
3594,tso
3595,tso
3596,ssw
3597,tso
3598,nso
3599,afr
3600,ssw
3601,zul
3602,tso
3603,ssw
3604,tso
3605,tso
3606,afr
3607,tso
3608,ssw
3609,nso
3610,nso
3611,ven
3612,eng
3613,nso
3614,afr
3615,ssw
3616,ssw
3617,eng
3618,ssw
3619,ssw
3620,ssw
3621,eng
3622,ven
3623,nso
3624,ssw
3625,ssw
3626,nso
3627,nso
3628,afr
3629,sot
3630,nso
3631,afr
3632,sot
3633,afr
3634,eng
3635,tso
3636,eng
3637,ssw
3638,ssw
3639,sot
3640,ssw
3641,sot
3642,tso
3643,ssw
3644,afr
3645,afr
3646,sot
3647,nso
3648,ssw
3649,ssw
3650,eng
3651,tso
3652,nso
3653,tsn
3654,tsn
3655,ssw
3656,sot
3657,nso
3658,nso
3659,ssw
3660,ssw
3661,nbl
3662,tsn
3663,ssw
3664,nso
3665,nso
3666,nso
3667,ssw
3668,ssw
3669,ssw
3670,tso
3671,ssw
3672,nso
3673,nso
3674,tso
3675,xho
3676,ssw
3677,ssw
3678,ssw
3679,ssw
3680,ven
3681,ssw
3682,ssw
3683,nso
3684,tso
3685,eng
3686,sot
3687,tsn
3688,ven
3689,sot
3690,nso
3691,tso
3692,ssw
3693,nso
3694,ssw
3695,nso
3696,nso
3697,ssw
3698,ven
3699,tso
3700,ssw
3701,tso
3702,ssw
3703,ven
3704,nso
3705,ssw
3706,xho
3707,ssw
3708,tso
3709,afr
3710,sot
3711,ssw
3712,nso
3713,eng
3714,ssw
3715,ssw
3716,ssw
3717,afr
3718,tsn
3719,tso
3720,ssw
3721,ssw
3722,ssw
3723,ssw
3724,ssw
3725,ssw
3726,afr
3727,nso
3728,afr
3729,tsn
3730,sot
3731,ssw
3732,ven
3733,ssw
3734,ssw
3735,ssw
3736,nso
3737,afr
3738,ssw
3739,ssw
3740,tso
3741,nso
3742,nso
3743,eng
3744,ssw
3745,nso
3746,ssw
3747,ssw
3748,nso
3749,tso
3750,tso
3751,ssw
3752,afr
3753,nso
3754,tsn
3755,ssw
3756,tso
3757,sot
3758,nso
3759,ssw
3760,nso
3761,ssw
3762,nso
3763,sot
3764,nso
3765,nso
3766,ssw
3767,ssw
3768,ssw
3769,eng
3770,nso
3771,ssw
3772,ssw
3773,eng
3774,sot
3775,afr
3776,ssw
3777,ssw
3778,ssw
3779,ssw
3780,xho
3781,ssw
3782,nso
3783,nso
3784,nso
3785,ssw
3786,afr
3787,ssw
3788,xho
3789,ssw
3790,ssw
3791,ssw
3792,ssw
3793,tsn
3794,ven
3795,afr
3796,nso
3797,nso
3798,ssw
3799,ssw
3800,ven
3801,ssw
3802,ssw
3803,tso
3804,ssw
3805,tso
3806,tsn
3807,tsn
3808,ssw
3809,ssw
3810,tsn
3811,nso
3812,nso
3813,ssw
3814,ssw
3815,ssw
3816,nso
3817,ssw
3818,nbl
3819,ssw
3820,nso
3821,nso
3822,ven
3823,eng
3824,nso
3825,ssw
3826,ssw
3827,nso
3828,afr
3829,nso
3830,tsn
3831,ssw
3832,ssw
3833,ssw
3834,ssw
3835,nso
3836,tso
3837,ssw
3838,nbl
3839,eng
3840,tsn
3841,nso
3842,ssw
3843,nso
3844,ven
3845,ssw
3846,ven
3847,ven
3848,nso
3849,tso
3850,ssw
3851,tso
3852,nso
3853,tso
3854,ssw
3855,nso
3856,tso
3857,nso
3858,afr
3859,sot
3860,nso
3861,ssw
3862,afr
3863,ssw
3864,ssw
3865,ssw
3866,afr
3867,afr
3868,nso
3869,ven
3870,ssw
3871,nbl
3872,ssw
3873,ssw
3874,ssw
3875,afr
3876,eng
3877,ven
3878,ssw
3879,ssw
3880,ssw
3881,nso
3882,ssw
3883,sot
3884,nso
3885,nso
3886,ven
3887,nso
3888,ssw
3889,nso
3890,afr
3891,ssw
3892,nso
3893,nbl
3894,nso
3895,nso
3896,ssw
3897,ssw
3898,tso
3899,eng
3900,ven
3901,afr
3902,nso
3903,eng
3904,tsn
3905,sot
3906,nso
3907,tsn
3908,ssw
3909,ssw
3910,ssw
3911,ssw
3912,ssw
3913,nso
3914,ssw
3915,afr
3916,sot
3917,ssw
3918,nso
3919,nso
3920,tso
3921,ssw
3922,ssw
3923,tsn
3924,ven
3925,ssw
3926,ssw
3927,ssw
3928,nso
3929,ssw
3930,ssw
3931,ssw
3932,ssw
3933,sot
3934,nso
3935,nso
3936,ssw
3937,ssw
3938,nso
3939,afr
3940,ven
3941,ssw
3942,ven
3943,ssw
3944,ven
3945,ssw
3946,nso
3947,sot
3948,ssw
3949,ssw
3950,nso
3951,nso
3952,tso
3953,nso
3954,afr
3955,ssw
3956,afr
3957,ssw
3958,afr
3959,eng
3960,ven
3961,ven
3962,ssw
3963,ven
3964,nso
3965,xho
3966,ssw
3967,sot
3968,ssw
3969,ssw
3970,nso
3971,ssw
3972,ssw
3973,nso
3974,sot
3975,tso
3976,nso
3977,nso
3978,nso
3979,nso
3980,nso
3981,tso
3982,ssw
3983,afr
3984,nso
3985,nso
3986,ven
3987,ssw
3988,ssw
3989,ssw
3990,eng
3991,ven
3992,ssw
3993,afr
3994,ssw
3995,zul
3996,ven
3997,tsn
3998,ssw
3999,nso
4000,ven
4001,ssw
4002,tso
4003,ssw
4004,nbl
4005,ssw
4006,nso
4007,ssw
4008,ssw
4009,ven
4010,nso
4011,ssw
4012,tso
4013,ssw
4014,nso
4015,nso
4016,ssw
4017,ssw
4018,ssw
4019,ssw
4020,ssw
4021,ssw
4022,afr
4023,tsn
4024,nso
4025,ssw
4026,ssw
4027,ssw
4028,ssw
4029,ssw
4030,ssw
4031,tsn
4032,ssw
4033,afr
4034,afr
4035,nso
4036,ssw
4037,afr
4038,sot
4039,ssw
4040,sot
4041,ssw
4042,ssw
4043,ssw
4044,ssw
4045,ven
4046,ven
4047,ven
4048,sot
4049,ssw
4050,ssw
4051,ssw
4052,afr
4053,ssw
4054,ven
4055,nso
4056,afr
4057,tsn
4058,ven
4059,ssw
4060,afr
4061,zul
4062,ven
4063,ssw
4064,ssw
4065,sot
4066,ssw
4067,ssw
4068,afr
4069,ven
4070,nso
4071,ssw
4072,ssw
4073,nso
4074,ssw
4075,nso
4076,nso
4077,ven
4078,ssw
4079,afr
4080,nso
4081,ssw
4082,afr
4083,nso
4084,nso
4085,tso
4086,afr
4087,tso
4088,nso
4089,ssw
4090,ven
4091,ssw
4092,ssw
4093,nso
4094,ssw
4095,ssw
4096,afr
4097,tsn
4098,ssw
4099,afr
4100,nso
4101,tso
4102,tso
4103,ssw
4104,nso
4105,nso
4106,ssw
4107,ssw
4108,afr
4109,ssw
4110,ssw
4111,ssw
4112,afr
4113,nso
4114,ssw
4115,tso
4116,ssw
4117,nso
4118,ssw
4119,ven
4120,ven
4121,afr
4122,nso
4123,ssw
4124,ssw
4125,tso
4126,ssw
4127,nso
4128,nso
4129,nso
4130,tsn
4131,ssw
4132,afr
4133,tso
4134,nso
4135,ven
4136,afr
4137,nbl
4138,eng
4139,ssw
4140,tsn
4141,ssw
4142,ssw
4143,tsn
4144,sot
4145,xho
4146,ven
4147,nbl
4148,tso
4149,nso
4150,afr
4151,nso
4152,eng
4153,nso
4154,sot
4155,afr
4156,afr
4157,afr
4158,ssw
4159,xho
4160,afr
4161,ssw
4162,nso
4163,ssw
4164,ven
4165,tso
4166,ven
4167,tso
4168,ssw
4169,nso
4170,tso
4171,nso
4172,eng
4173,ssw
4174,xho
4175,ssw
4176,ven
4177,nso
4178,ven
4179,nso
4180,sot
4181,ven
4182,ssw
4183,tso
4184,ssw
4185,tso
4186,nso
4187,tso
4188,xho
4189,afr
4190,ssw
4191,nso
4192,ssw
4193,ssw
4194,afr
4195,nso
4196,ssw
4197,eng
4198,afr
4199,ssw
4200,ssw
4201,nso
4202,nso
4203,nso
4204,nbl
4205,ssw
4206,ven
4207,nso
4208,ssw
4209,ssw
4210,ssw
4211,tso
4212,ssw
4213,ssw
4214,nbl
4215,zul
4216,ssw
4217,tso
4218,ven
4219,ssw
4220,ssw
4221,nso
4222,ssw
4223,nso
4224,ssw
4225,afr
4226,ssw
4227,ssw
4228,ssw
4229,ven
4230,ssw
4231,ssw
4232,ssw
4233,ven
4234,xho
4235,tso
4236,afr
4237,sot
4238,tso
4239,nso
4240,afr
4241,nso
4242,tso
4243,sot
4244,tso
4245,ssw
4246,ven
4247,ssw
4248,eng
4249,afr
4250,nso
4251,xho
4252,ven
4253,ven
4254,ssw
4255,ven
4256,nso
4257,ssw
4258,sot
4259,ssw
4260,ven
4261,ssw
4262,ven
4263,nso
4264,afr
4265,nso
4266,tsn
4267,afr
4268,ssw
4269,tso
4270,ssw
4271,ssw
4272,ssw
4273,ssw
4274,tso
4275,ssw
4276,tso
4277,ssw
4278,ssw
4279,tsn
4280,ssw
4281,ven
4282,sot
4283,ven
4284,eng
4285,ssw
4286,ssw
4287,ssw
4288,ssw
4289,ssw
4290,ssw
4291,ven
4292,ssw
4293,ssw
4294,ssw
4295,xho
4296,tso
4297,tsn
4298,nso
4299,tso
4300,ven
4301,sot
4302,nso
4303,nso
4304,nso
4305,nso
4306,afr
4307,afr
4308,afr
4309,ssw
4310,ven
4311,sot
4312,sot
4313,ssw
4314,ssw
4315,afr
4316,ven
4317,tso
4318,tsn
4319,nso
4320,eng
4321,ven
4322,tsn
4323,tso
4324,eng
4325,xho
4326,nso
4327,ssw
4328,sot
4329,ven
4330,nso
4331,ssw
4332,ven
4333,nso
4334,ssw
4335,nso
4336,eng
4337,sot
4338,ven
4339,ven
4340,eng
4341,ssw
4342,afr
4343,ssw
4344,ssw
4345,ven
4346,ssw
4347,sot
4348,ssw
4349,tsn
4350,afr
4351,ssw
4352,afr
4353,afr
4354,tso
4355,ssw
4356,tso
4357,ssw
4358,ven
4359,nso
4360,afr
4361,nso
4362,sot
4363,afr
4364,ssw
4365,sot
4366,afr
4367,ssw
4368,nso
4369,ssw
4370,nso
4371,ssw
4372,afr
4373,nbl
4374,eng
4375,nso
4376,ssw
4377,ven
4378,nso
4379,nso
4380,ssw
4381,ssw
4382,ven
4383,tso
4384,ven
4385,ssw
4386,afr
4387,tsn
4388,nbl
4389,afr
4390,afr
4391,afr
4392,nso
4393,ssw
4394,ssw
4395,ssw
4396,ssw
4397,afr
4398,eng
4399,ven
4400,afr
4401,nso
4402,afr
4403,nso
4404,ssw
4405,afr
4406,xho
4407,nso
4408,ssw
4409,ssw
4410,tso
4411,afr
4412,ven
4413,ven
4414,ven
4415,ssw
4416,nso
4417,afr
4418,ssw
4419,sot
4420,ssw
4421,ssw
4422,ssw
4423,sot
4424,tsn
4425,nso
4426,eng
4427,ven
4428,nso
4429,ven
4430,sot
4431,ssw
4432,sot
4433,afr
4434,tso
4435,afr
4436,afr
4437,nso
4438,ssw
4439,ssw
4440,tso
4441,ssw
4442,eng
4443,ven
4444,tsn
4445,nso
4446,nso
4447,ssw
4448,ssw
4449,sot
4450,ven
4451,ven
4452,ssw
4453,ssw
4454,ven
4455,ssw
4456,afr
4457,nbl
4458,ssw
4459,tsn
4460,ven
4461,nso
4462,afr
4463,afr
4464,tso
4465,ssw
4466,tsn
4467,ssw
4468,ven
4469,ven
4470,ven
4471,nbl
4472,afr
4473,tso
4474,nso
4475,afr
4476,ssw
4477,ssw
4478,nso
4479,ven
4480,ssw
4481,ssw
4482,nso
4483,nso
4484,tsn
4485,ssw
4486,ssw
4487,tsn
4488,ssw
4489,sot
4490,ssw
4491,nso
4492,nso
4493,ven
4494,ssw
4495,afr
4496,ven
4497,zul
4498,afr
4499,ssw
4500,nso
4501,ssw
4502,ssw
4503,ssw
4504,tsn
4505,sot
4506,ven
4507,ssw
4508,ssw
4509,ven
4510,nso
4511,ssw
4512,ssw
4513,ssw
4514,tso
4515,ssw
4516,nso
4517,ssw
4518,nso
4519,ssw
4520,nso
4521,tsn
4522,nbl
4523,ven
4524,tso
4525,ssw
4526,nso
4527,tso
4528,nso
4529,ven
4530,ssw
4531,ssw
4532,ssw
4533,ssw
4534,tsn
4535,afr
4536,nso
4537,nso
4538,afr
4539,tsn
4540,eng
4541,ssw
4542,afr
4543,afr
4544,xho
4545,tso
4546,nso
4547,sot
4548,ven
4549,eng
4550,tso
4551,ssw
4552,afr
4553,nso
4554,ssw
4555,ssw
4556,ssw
4557,tso
4558,tso
4559,ven
4560,tso
4561,tsn
4562,nso
4563,eng
4564,sot
4565,tso
4566,sot
4567,sot
4568,ven
4569,ssw
4570,ven
4571,tso
4572,ven
4573,afr
4574,ssw
4575,ssw
4576,tso
4577,ssw
4578,ssw
4579,ssw
4580,ssw
4581,ven
4582,tso
4583,nso
4584,nso
4585,tso
4586,tso
4587,ssw
4588,nso
4589,ssw
4590,nso
4591,sot
4592,nbl
4593,ven
4594,ven
4595,ssw
4596,xho
4597,ven
4598,eng
4599,tso
4600,afr
4601,nso
4602,ven
4603,sot
4604,tso
4605,ssw
4606,ven
4607,ssw
4608,afr
4609,ssw
4610,nso
4611,afr
4612,nso
4613,tso
4614,afr
4615,afr
4616,ssw
4617,eng
4618,xho
4619,tso
4620,ssw
4621,ven
4622,ssw
4623,xho
4624,ssw
4625,tso
4626,ssw
4627,ven
4628,afr
4629,nso
4630,nso
4631,nso
4632,ssw
4633,eng
4634,ven
4635,nso
4636,ssw
4637,ssw
4638,eng
4639,tso
4640,ssw
4641,tsn
4642,nso
4643,ven
4644,ven
4645,nso
4646,nso
4647,nso
4648,ssw
4649,ven
4650,ssw
4651,ssw
4652,sot
4653,ven
4654,afr
4655,nso
4656,tso
4657,ssw
4658,xho
4659,tso
4660,ssw
4661,ssw
4662,ssw
4663,tsn
4664,ssw
4665,afr
4666,eng
4667,ssw
4668,tsn
4669,afr
4670,ssw
4671,ssw
4672,nso
4673,ven
4674,ssw
4675,ssw
4676,ssw
4677,ssw
4678,ssw
4679,ssw
4680,tso
4681,ssw
4682,ssw
4683,ssw
4684,ven
4685,nbl
4686,afr
4687,nso
4688,ssw
4689,ssw
4690,nso
4691,ssw
4692,ssw
4693,nso
4694,ssw
4695,ven
4696,nso
4697,sot
4698,ssw
4699,ssw
4700,ssw
4701,afr
4702,ssw
4703,nso
4704,ssw
4705,ven
4706,ssw
4707,tso
4708,sot
4709,xho
4710,ssw
4711,afr
4712,ssw
4713,nso
4714,afr
4715,afr
4716,ssw
4717,ssw
4718,ssw
4719,ssw
4720,ssw
4721,afr
4722,nso
4723,ssw
4724,ssw
4725,sot
4726,ssw
4727,ssw
4728,tso
4729,nso
4730,ssw
4731,nso
4732,ssw
4733,nso
4734,eng
4735,ssw
4736,ssw
4737,ven
4738,nso
4739,ssw
4740,nso
4741,nso
4742,tsn
4743,sot
4744,ssw
4745,ssw
4746,tsn
4747,ssw
4748,nso
4749,ssw
4750,ssw
4751,afr
4752,ssw
4753,nso
4754,tso
4755,nso
4756,afr
4757,tsn
4758,tso
4759,ssw
4760,nso
4761,nso
4762,nso
4763,tso
4764,ssw
4765,tsn
4766,nso
4767,nso
4768,ssw
4769,ven
4770,ven
4771,ssw
4772,ssw
4773,nso
4774,ssw
4775,eng
4776,nso
4777,nso
4778,sot
4779,ssw
4780,ssw
4781,nso
4782,ven
4783,ssw
4784,afr
4785,afr
4786,ven
4787,ssw
4788,ven
4789,ssw
4790,tso
4791,ssw
4792,afr
4793,ssw
4794,ssw
4795,nso
4796,ven
4797,ven
4798,ven
4799,nso
4800,afr
4801,ssw
4802,nso
4803,ssw
4804,eng
4805,ssw
4806,eng
4807,ven
4808,nso
4809,ssw
4810,afr
4811,ssw
4812,ssw
4813,ssw
4814,tso
4815,nso
4816,tso
4817,ven
4818,tso
4819,tso
4820,ssw
4821,ssw
4822,nso
4823,nbl
4824,nso
4825,sot
4826,afr
4827,afr
4828,ssw
4829,nso
4830,ssw
4831,nso
4832,ssw
4833,ssw
4834,ssw
4835,sot
4836,ssw
4837,nso
4838,sot
4839,ssw
4840,ssw
4841,ssw
4842,ssw
4843,xho
4844,ssw
4845,ssw
4846,ssw
4847,ven
4848,afr
4849,tso
4850,ssw
4851,afr
4852,sot
4853,tso
4854,ssw
4855,nso
4856,ssw
4857,tsn
4858,ssw
4859,ven
4860,ssw
4861,afr
4862,afr
4863,ssw
4864,nso
4865,sot
4866,ssw
4867,nbl
4868,ssw
4869,ssw
4870,ssw
4871,ssw
4872,sot
4873,ven
4874,ssw
4875,ven
4876,ssw
4877,ssw
4878,ven
4879,ssw
4880,tsn
4881,nbl
4882,afr
4883,ssw
4884,ssw
4885,nso
4886,tso
4887,ssw
4888,nso
4889,ssw
4890,ssw
4891,ssw
4892,eng
4893,nbl
4894,tso
4895,ssw
4896,afr
4897,ssw
4898,tso
4899,nso
4900,tso
4901,eng
4902,ssw
4903,ssw
4904,afr
4905,ssw
4906,tso
4907,ssw
4908,sot
4909,nso
4910,xho
4911,sot
4912,nso
4913,ssw
4914,nso
4915,tso
4916,ssw
4917,ssw
4918,nso
4919,ssw
4920,nso
4921,afr
4922,ssw
4923,tso
4924,tso
4925,afr
4926,afr
4927,ven
4928,ssw
4929,ven
4930,ssw
4931,ssw
4932,ssw
4933,ven
4934,nbl
4935,ven
4936,eng
4937,ssw
4938,ssw
4939,ssw
4940,nso
4941,ven
4942,nso
4943,ssw
4944,eng
4945,ssw
4946,tso
4947,ssw
4948,tso
4949,afr
4950,ssw
4951,eng
4952,afr
4953,nso
4954,ssw
4955,nso
4956,ven
4957,nso
4958,nso
4959,ssw
4960,eng
4961,nso
4962,ssw
4963,nso
4964,afr
4965,sot
4966,ssw
4967,ssw
4968,nbl
4969,sot
4970,nso
4971,nso
4972,nso
4973,ssw
4974,eng
4975,afr
4976,tso
4977,tso
4978,ven
4979,xho
4980,ssw
4981,ssw
4982,ssw
4983,ven
4984,ssw
4985,ssw
4986,nso
4987,ven
4988,afr
4989,ven
4990,afr
4991,nso
4992,ssw
4993,ssw
4994,xho
4995,afr
4996,ssw
4997,ssw
4998,xho
4999,afr
5000,eng
5001,tsn
5002,ven
5003,tsn
5004,nso
5005,afr
5006,sot
5007,ssw
5008,ssw
5009,ven
5010,ssw
5011,ssw
5012,nso
5013,ven
5014,nso
5015,tso
5016,nso
5017,ssw
5018,ssw
5019,ssw
5020,nso
5021,ssw
5022,ssw
5023,tso
5024,ssw
5025,tso
5026,ssw
5027,nso
5028,eng
5029,xho
5030,sot
5031,ven
5032,sot
5033,afr
5034,afr
5035,ssw
5036,ssw
5037,ssw
5038,eng
5039,ssw
5040,tso
5041,ssw
5042,afr
5043,sot
5044,ssw
5045,nso
5046,ssw
5047,ssw
5048,ssw
5049,eng
5050,sot
5051,ssw
5052,sot
5053,sot
5054,ven
5055,tso
5056,ssw
5057,afr
5058,ssw
5059,ssw
5060,ssw
5061,sot
5062,ssw
5063,nso
5064,ssw
5065,ssw
5066,ven
5067,sot
5068,ssw
5069,nso
5070,nso
5071,afr
5072,ssw
5073,ven
5074,ssw
5075,nso
5076,afr
5077,eng
5078,afr
5079,ven
5080,ssw
5081,ssw
5082,ssw
5083,ssw
5084,ven
5085,tso
5086,nbl
5087,sot
5088,ssw
5089,ssw
5090,ssw
5091,ssw
5092,afr
5093,ssw
5094,sot
5095,afr
5096,eng
5097,ssw
5098,ssw
5099,afr
5100,ssw
5101,afr
5102,nbl
5103,tsn
5104,nso
5105,afr
5106,tsn
5107,nso
5108,ven
5109,tsn
5110,nbl
5111,ssw
5112,nso
5113,nso
5114,afr
5115,nbl
5116,sot
5117,ssw
5118,nso
5119,afr
5120,sot
5121,ven
5122,ssw
5123,nso
5124,ssw
5125,afr
5126,afr
5127,ssw
5128,ssw
5129,ven
5130,tsn
5131,afr
5132,nso
5133,ssw
5134,tso
5135,tso
5136,ssw
5137,ssw
5138,nso
5139,ssw
5140,tso
5141,ssw
5142,ssw
5143,eng
5144,ssw
5145,tso
5146,afr
5147,nso
5148,ven
5149,ssw
5150,ssw
5151,afr
5152,ssw
5153,nso
5154,nso
5155,ssw
5156,nso
5157,nso
5158,ssw
5159,eng
5160,ssw
5161,nso
5162,ssw
5163,nso
5164,ven
5165,eng
5166,nso
5167,tso
5168,ssw
5169,nso
5170,nbl
5171,nso
5172,xho
5173,nbl
5174,ssw
5175,afr
5176,tso
5177,sot
5178,ven
5179,tso
5180,ssw
5181,tso
5182,afr
5183,afr
5184,sot
5185,sot
5186,nso
5187,sot
5188,nso
5189,ssw
5190,nso
5191,ssw
5192,ssw
5193,ssw
5194,ssw
5195,ssw
5196,ven
5197,ssw
5198,ssw
5199,sot
5200,ven
5201,xho
5202,nso
5203,ssw
5204,afr
5205,afr
5206,afr
5207,nso
5208,xho
5209,tso
5210,ven
5211,nbl
5212,tso
5213,ven
5214,nso
5215,nso
5216,ssw
5217,afr
5218,afr
5219,ven
5220,ssw
5221,ssw
5222,ssw
5223,ssw
5224,tso
5225,ssw
5226,afr
5227,nso
5228,nso
5229,ssw
5230,afr
5231,ven
5232,nso
5233,sot
5234,nso
5235,nso
5236,ssw
5237,ssw
5238,tso
5239,nso
5240,afr
5241,nso
5242,ven
5243,tso
5244,ven
5245,ssw
5246,nso
5247,ssw
5248,nso
5249,ssw
5250,ssw
5251,ssw
5252,ssw
5253,afr
5254,tso
5255,ssw
5256,ssw
5257,sot
5258,tso
5259,ssw
5260,nso
5261,afr
5262,ssw
5263,nso
5264,tso
5265,tsn
5266,nbl
5267,ssw
5268,ven
5269,tsn
5270,ven
5271,nso
5272,eng
5273,ssw
5274,ssw
5275,ssw
5276,tso
5277,afr
5278,ven
5279,nso
5280,ssw
5281,ssw
5282,ssw
5283,ssw
5284,tsn
5285,tsn
5286,tsn
5287,tsn
5288,tsn
5289,ven
5290,tso
5291,ssw
5292,sot
5293,ssw
5294,ven
5295,ssw
5296,ssw
5297,ven
5298,nso
5299,afr
5300,ssw
5301,ssw
5302,ssw
5303,ssw
5304,afr
5305,ssw
5306,afr
5307,afr
5308,nso
5309,nso
5310,nso
5311,ssw
5312,ssw
5313,ssw
5314,ssw
5315,ssw
5316,afr
5317,ssw
5318,nso
5319,sot
5320,ssw
5321,ssw
5322,eng
5323,eng
5324,ssw
5325,ven
5326,tso
5327,afr
5328,xho
5329,ven
5330,ssw
5331,ssw
5332,tso
5333,ssw
5334,ssw
5335,sot
5336,nso
5337,afr
5338,ven
5339,ssw
5340,ssw
5341,ssw
5342,ssw
5343,ven
5344,sot
5345,ssw
5346,ssw
5347,ssw
5348,ssw
5349,ven
5350,ven
5351,ssw
5352,nso
5353,sot
5354,ssw
5355,nso
5356,ssw
5357,ssw
5358,ssw
5359,ssw
5360,ssw
5361,nso
5362,ssw
5363,ssw
5364,nso
5365,ssw
5366,sot
5367,ssw
5368,ven
5369,nso
5370,afr
5371,ssw
5372,afr
5373,tso
5374,ven
5375,tsn
5376,tsn
5377,ssw
5378,tso
5379,eng
5380,xho
5381,xho
5382,tso
5383,eng
5384,ven
5385,ssw
5386,nso
5387,ssw
5388,tso
5389,ssw
5390,ven
5391,ven
5392,nso
5393,nso
5394,tsn
5395,sot
5396,tso
5397,tso
5398,ssw
5399,ssw
5400,nso
5401,ssw
5402,sot
5403,nso
5404,tsn
5405,ssw
5406,ssw
5407,ssw
5408,ssw
5409,tso
5410,ssw
5411,nso
5412,ssw
5413,ven
5414,tsn
5415,ven
5416,zul
5417,ssw
5418,ssw
5419,afr
5420,ssw
5421,nso
5422,tsn
5423,ssw
5424,ssw
5425,sot
5426,afr
5427,nso
5428,nbl
5429,tsn
5430,nso
5431,ssw
5432,ssw
5433,ssw
5434,ssw
5435,afr
5436,afr
5437,eng
5438,ssw
5439,ven
5440,ssw
5441,sot
5442,tsn
5443,ssw
5444,ssw
5445,sot
5446,afr
5447,afr
5448,sot
5449,ssw
5450,nbl
5451,ssw
5452,ssw
5453,ssw
5454,nso
5455,tso
5456,afr
5457,tso
5458,ven
5459,tsn
5460,tso
5461,afr
5462,ven
5463,nso
5464,ssw
5465,tso
5466,ssw
5467,nso
5468,tso
5469,ven
5470,sot
5471,ssw
5472,ven
5473,tsn
5474,nso
5475,sot
5476,ssw
5477,ssw
5478,tso
5479,nso
5480,nso
5481,nso
5482,nso
5483,sot
5484,afr
5485,eng
5486,ssw
5487,ssw
5488,tso
5489,ssw
5490,tsn
5491,ssw
5492,sot
5493,nso
5494,ssw
5495,nso
5496,ven
5497,tso
5498,tso
5499,ven
5500,tsn
5501,sot
5502,sot
5503,nso
5504,eng
5505,afr
5506,tso
5507,tso
5508,nso
5509,afr
5510,sot
5511,ssw
5512,eng
5513,nso
5514,nso
5515,ssw
5516,ssw
5517,nso
5518,ssw
5519,afr
5520,ven
5521,tso
5522,xho
5523,ssw
5524,ssw
5525,ssw
5526,zul
5527,nso
5528,ssw
5529,sot
5530,ssw
5531,nso
5532,nso
5533,nso
5534,ssw
5535,ssw
5536,ssw
5537,ven
5538,sot
5539,ven
5540,ssw
5541,ven
5542,afr
5543,ssw
5544,tso
5545,nso
5546,ven
5547,nso
5548,ssw
5549,nbl
5550,afr
5551,nso
5552,nbl
5553,afr
5554,ssw
5555,ven
5556,ssw
5557,nso
5558,sot
5559,ssw
5560,sot
5561,tsn
5562,tsn
5563,nso
5564,afr
5565,afr
5566,nso
5567,nso
5568,ven
5569,ssw
5570,ven
5571,tso
5572,ven
5573,ven
5574,sot
5575,ssw
5576,ssw
5577,ven
5578,ssw
5579,ven
5580,sot
5581,ssw
5582,ssw
5583,ven
5584,ssw
5585,ssw
5586,sot
5587,ssw
5588,ssw
5589,ssw
5590,nso
5591,xho
5592,nso
5593,xho
5594,nbl
5595,ssw
5596,afr
5597,nso
5598,ssw
5599,nso
5600,ssw
5601,afr
5602,nso
5603,tso
5604,sot
5605,ven
5606,ssw
5607,tso
5608,sot
5609,ssw
5610,nso
5611,afr
5612,tso
5613,afr
5614,nso
5615,ssw
5616,ssw
5617,ven
5618,nso
5619,ven
5620,ssw
5621,tso
5622,ssw
5623,ssw
5624,tso
5625,xho
5626,ssw
5627,afr
5628,tso
5629,afr
5630,tso
5631,sot
5632,ssw
5633,nso
5634,ssw
5635,nso
5636,ssw
5637,ssw
5638,ssw
5639,ssw
5640,ssw
5641,nso
5642,nso
5643,ssw
5644,tso
5645,ssw
5646,tso
5647,nso
5648,ssw
5649,nso
5650,ssw
5651,nso
5652,tso
5653,ssw
5654,sot
5655,nbl
5656,nso
5657,ven
5658,nso
5659,ssw
5660,ven
5661,ssw
5662,ssw
5663,ssw
5664,afr
5665,ven
5666,afr
5667,ssw
5668,ssw
5669,ssw
5670,ssw
5671,eng
5672,sot
5673,afr
5674,ven
5675,xho
5676,ven
5677,nso
5678,ssw
5679,nso
5680,sot
5681,sot
5682,tso
